phrase,cluster
actionable roadmaps,0
ability to launch new programs,0
refine effective processes,0
continuous integration (ci) pipelines,0
gpt workflows,0
understanding of system architecture,0
understanding of software development life cycle,0
multi-agent systems,0
orchestration patterns familiarity (nice to have),0
agent orchestration frameworks,0
deployment tools,0
systems for tracking deployed models,0
"drives execution of complex, cross-functional programs",0
managing multiple streams,0
experience with enterprise-scale programs at large complex orgs,0
program coordination,0
"drive releases, optimizations, and integrations",0
cutting-edge tools,0
"continuously improve processes, documentation, workflows, and system access",0
orchestrate and optimize the delivery of enterprise data programs,0
azure devops,0
leading mdm programs,0
intelligent orchestration,0
articulate how composable agents function,0
configuration management tools,0
experience with sdlc models,0
10+ years running large programs,0
experience building sustainable processes,0
agent-based processes,0
established best practices for model versioning,0
devsecops delivery models,0
architecture oversight,0
managing complex programs with cross-functional dependencies,0
software development life cycle (sdlc),0
program planning,0
managing complex enterprise environments,0
define and execute technical program management best practices,0
experience coordinating technical specifications for agentic automation across platforms and disciplines,0
structured workflows,0
mlops/llmops concepts,0
roadmap maintenance,0
integrating security controls into development workflows,0
end-to-end execution,0
microsoft devops (ado),0
reduce deployment friction,0
adaptable in fast-evolving project environments,0
coordinating large programs,0
crm integrations implementation,0
ensure transparency and execution discipline,0
operating production systems,0
guide the upskilling program,0
program roadmaps,0
secure development/deployment (llm/biological models),0
managing complex design and process problems,0
rpa (robotic process automation) tools,0
innovating in epm process improvements,0
tool integration,0
stay plugged into developments in agents,0
developing staging and implementation plans,0
cross-functional execution,0
drive end-to-end execution,0
operational reliability and maintainability constraints,0
prioritizing mitigations in fast-moving environments,0
managing multiple dependencies,0
coordinating rollout of data products,0
establish and maintain roadmaps,0
leading ssot programs,0
enterprise scale deployment,0
manage overall performance and maintenance of nebula platform,0
agent frameworks,0
managing end-to-end lifecycle,0
system maintenance,0
experience running change management programs,0
lean (scaling framework),0
comfortable operating in dynamic environment,0
end-to-end platform implementation,0
shaping and maintaining internal policies/templates/systems,0
system design and implementation approach,0
continuous improvement of program management practices,0
critical path management,0
advanced analytics solutions deployment at enterprise scale,0
"deployment in secure classified environments (il5/il6 cloud, scifs)",0
manage third-party solution implementations,0
fast-evolving project environments,0
drive successful implementation,0
orchestrate and optimize delivery of enterprise data programs,0
intelligent process automation,0
program management,0
end-to-end lifecycle planning,0
pmo tooling mastery,0
resolve technical blockers,0
oversee planning and execution of applied product initiatives,0
develop and execute roadmap,0
familiarity with scaling frameworks (safe/lean),0
ensuring infrastructure readiness,0
work in evolving toolsets or pilot environments,0
continuous deployment (cd) pipelines,0
deployment,0
model deployment,0
"supporting platforms, infrastructure, or developer/research tools",0
"develop and maintain integrated program plans, milestones, and success metrics",0
execution of critical programs,0
agent creation from concept to deployment,0
infrastructure readiness for ml workloads,0
leading large-scale software transformation programs,0
managing dependencies,0
reducing deployment friction,0
program roadmap management,0
scoping management,0
enterprise integration approaches,0
model lifecycle management,0
managing complex cross-functional programs,0
detail-driven organizer,0
open source software solutions,0
"leading planning, execution, and delivery of cross-functional technology programs",0
operating governance maintenance,0
model deployment (implied through third-party implementation management),0
improve workflows and automate tasks,0
execution of complex products,0
etl/elt systems,0
dependency management,0
"managing complex, cross-functional technology programs",0
program integration into development workflows,0
robust solution development,0
low-level requirements involving gpus,0
improving operational efficiency,0
model deployment (inference),0
distributed computing,0
virtualized infrastructure,0
managing conflicts across workstreams,0
cross-program orchestration,0
"execution of complex, cross-functional programs",0
end-to-end program planning,0
secure sandboxing techniques familiarity,0
systems integration,0
multi-agent orchestration,0
program plan creation and management,0
ability to scale new programs,0
building processes,0
enterprise software / digital workflow management,0
familiarity with nga core platform,0
production systems,0
solution architecture,0
structure and define a change management program,0
managing cross-functional programs,0
mlops delivery models,0
administering effective use of systems to ensure established processes are followed,0
dependency mapping,0
managing global programs,0
unify admin workflows behind a single front door,0
establish and maintain the overarching system architecture,0
accelerating technical delivery,0
composable architecture,0
establish delivery frameworks,0
gpu infrastructure knowledge,0
large scale software transformation efforts,0
secure system deployment processes,0
matrix organization management,0
establish standardized setup process,0
execution-oriented,0
drive platform evolution,0
managing complex programs,0
model deployment knowledge,0
platform infrastructure management,0
create and manage the program plan,0
scalable solution development,0
oversee platform architecture readiness,0
adaptable in ambiguous environments,0
technical program management,0
modernize systems,0
prior implementation and deployment experience of enterprise solutions,0
integration into product/development workflows,0
technical grounding in systems design,0
analytical infrastructure maintenance,0
ensuring internal tools are intuitive and reliable,0
program execution,0
system testing and evaluation,0
etl systems,0
ensure seamless integration into clinical workflows,0
define and deliver aiml programs,0
"system deployment (develop, test, and deploy solutions)",0
program management practices,0
program orchestration,0
familiarity with automation infrastructure,0
comfort with evaluating new software tools,0
advocate for and implement best practices for program execution,0
managing complex technical programs,0
manage cross-program dependencies,0
leveraging devsecops practices,0
multi-agent frameworks,0
implementation oversight,0
"cloud platforms (gcp, azure)",0
understanding of the software development lifecycle,0
drive continuous improvement of program management practices and templates,0
operationalize governance tools,0
multi-agent orchestration platform,0
experience with large scale software transformations,0
providing practical/proactive guidance,1
inform roadmap planning and communications,1
technical intuition,1
detail oriented,1
synthesize complex information,1
support testing and iterative learning,1
involve engineers in discussions,1
specific functional knowledge,1
significant exposure to solution architecture,1
"leading complex, cross-functional technical initiatives",1
course design integration (ai/learning strategies),1
systems thinking,1
requirements documentation,1
develop functional specifications,1
network operations knowledge,1
gather and synthesize technical requirements,1
develop product guides,1
technical direction determination,1
learning management systems implementation,1
program plan development,1
ffiec knowledge,1
develop training material and lead workshops,1
supporting cross-functional efforts (technical/legal/research),1
complex environments,1
primary liaison between research and engineering,1
generative/predictive models knowledge,1
healthcare/clinical systems,1
translate business challenges into technical requirements,1
proficiency in systems thinking,1
deep technical fluency,1
raising awareness of tools and services through educational seminars,1
support use case development,1
clinical application systems knowledge,1
reviewing architecture/experimentation/design proposals,1
technical grounding in architecture,1
translating abstract business needs into concrete technical solutions,1
developer experience optimization,1
model explainability,1
software development background,1
software development,1
model development knowledge,1
skilled in prompt engineering,1
hr technology,1
defining non-functional requirements,1
translating complex technical concepts into business-friendly language,1
jira/confluence proficiency,1
technical fluency,1
translate complex technical concepts into clear narratives,1
leading complex technical initiatives,1
facilitate knowledge sharing,1
systems development life cycle expertise,1
creating user-facing documentation,1
programming,1
prompt engineering,1
model prototypes,1
"complex, multi-quarter technical roadmaps",1
feature engineering scripting,1
assist in solution design,1
assistive technologies,1
programming familiarity (python),1
clinical application planning,1
determine technical direction and approach,1
strong technical intuition,1
functional testing,1
develop documentation,1
hands-on experience in traditional sdlc,1
technical integration,1
proof-of-concept projects,1
"skilled at managing complex, cross-functional technology programs",1
docs tools,1
reading and/or writing code,1
science and education technology/biotech,1
productivity software (note-taking platforms),1
translate business needs into actionable technical requirements,1
translate requirements into actionable plans,1
incorporating usability testing,1
feasibility assessment,1
analytical needs support,1
convey comprehensive technical information and training,1
platform development knowledge,1
confluence,1
software development knowledge,1
technical acumen,1
contribution to reference architectures,1
working knowledge of microsoft copilot,1
create resource libraries and best practice documentation,1
clinical application design and development,1
identify solutions and use cases,1
leveraging prompt engineering techniques to solve problems,1
technical documentation,1
integrating adaptive learning tools,1
providing technical guidance,1
defining functional requirements,1
fostering software development principles,1
adaptive learning systems knowledge,1
assessing technical feasibility of proposed use cases,1
bss/oss knowledge,1
"collaboration tools proficiency (asana, smartsheet, slack, zoom)",1
reading and/or writing code (preferred),1
stay current on technology trends,1
application in life sciences,1
support roadmap and maturity development,1
ability to grasp complex design and process problems,1
expert knowledge of clinical applications operations,1
communicate vision and functionality of systems,1
technical architecture,1
work across all departments to educate on the art of the possible,1
requirements gathering,1
bridge creative vision with technical implementation,1
optimization/simulation experience,1
working knowledge of salesforce agentforce,1
work in research/high-uncertainty environments,1
engaging in technical/project design discussions,1
understanding of enterprise architecture principles,1
promote and showcase successful implementations,1
contribution to knowledge base articles,1
use case documentation,1
knowledge sharing,1
demonstrated ability to translate complex technical concepts into business-friendly language,1
technical design discussions,1
discussing technical tradeoffs with engineers,1
convert requirements to product requirements,1
technical expertise or understanding of software development life cycle (sdlc),1
inform solution design,1
raising awareness of tools and services through online resources,1
raising awareness of tools and services through events,1
facilitate decision forums,1
program plans development,1
ability to understand bank processes,1
feature engineering documentation,1
contribute to the design and coding of products,1
coordinate proof-of-concept projects,1
working across disciplines,1
document understanding platforms (nice to have),1
hands-on approach,1
develop written specifications and curricula,1
contribute to onboarding documentation,1
contributes to development of new principles and concepts,1
eager to grow technical understanding in a rapidly evolving landscape,1
systems design,1
tech-savvy perspective,1
experience with analytic techniques,1
technical expertise or understanding of system architecture,1
knowledge of educational technology trends,1
understanding architecture,1
conduct workshops,1
ms office applications proficiency,1
3+ years large language models experience,1
represent engineering perspectives,1
deep understanding of advisor workflows,1
develop solutions,1
understanding of programming languages,1
gather and document requirements using interviews and design sessions,1
maintain documentation,1
ability to distill complex problems to barest essences,1
translating complex needs,1
notion (documentation/media) (nice to have),1
detail-oriented approach,1
loom (documentation/media) (nice to have),1
influencing solution design,1
"translating ambiguous needs into concrete, actionable engineering projects",1
fundamental understanding of web-based systems programming and development,1
create mock-ups on new features,1
program management tools proficiency,1
process management system knowledge,1
strong technical acumen,1
translating complex technical information,1
producing code,1
interest in complex problem-solving,1
ability to evaluate technical proposals and ensure feasibility,1
gather requirements,1
end-to-end software development background,1
rapid learning of new tools/software,1
business needs translation,2
driving product development cycles,2
sales and digital marketing,2
omnichannel retail and e-commerce (global operations),2
on-site client engagements,2
experience with epic or other ehr vendors,2
business enablement,2
delivering on product roadmaps,2
"serve as a strategic liaison between engineering, data science, product, and business stakeholders",2
expertise in note-taking platforms competitive landscape,2
digital production background,2
market onboarding,2
intelligent products,2
execute program plan (pilots with internal and external customers),2
working with vendors,2
drive market readiness,2
telecom domain expertise,2
lead governance and product analytics execution,2
translate technical progress into business impact,2
managing relationships with vendors and partners,2
relating to myriad technical partners,2
iaas/saas/paas services knowledge,2
ecommerce/retail software development,2
experience launching cloud services,2
supply chain alignment,2
partnering with product management and engineering organizations,2
global omnichannel retail and supply chain,2
"strategic oversight, technical architecture direction, and secure delivery planning",2
showcase products and services through a strategic lens,2
defining product roadmaps,2
familiarity with vendor feeds (preferred),2
familiarity with commercial real estate,2
translate the voice of the customer and telemetry into productized agent requirements,2
client strategy,2
familiarity with salesforce platforms,2
thrive in early-stage product environments,2
managing vendor cooperation,2
proven experience leading customer engagements,2
customer adoption and satisfaction,2
guide customers from day‑one sandbox through next‑best actions,2
ecommerce domain experience,2
interfacing with sponsors,2
partnering with platform and product business unit product management and engineering organizations,2
interact with third party gpu ic suppliers & partners,2
value delivery,2
business-oriented mindset,2
"work closely with marketing tech ops, paid media, and analytics",2
athletic apparel and footwear manufacturing/retail,2
commercial real estate investment and property management,2
enhance customer experience,2
ecommerce or retail experience,2
digital consulting,2
"own observability, billing, metering, and reporting for each product",2
understanding product roadmaps,2
5 years leading digital transformation initiatives,2
"partner with engineering managers, data scientists, and product leaders",2
sms marketing,2
prior exposure to pre-sales (nice to have),2
lead migration from legacy assets,2
co‑drive pilots with early adopter customers,2
apply knowledge to improve servicenow’s implementation & adoption offerings,2
product mvps,2
enterprise crm systems familiarity,2
update plans to meet evolving business needs,2
digital production,2
deep understanding of financial sales cycles,2
launching cloud services,2
unlock opportunities for additional revenue,2
business acumen (assessing technical feasibility of use cases),2
digital marketing and creative production,2
customer experience and success (digital engagement and support),2
digital consulting and enterprise transformation,2
customer success processes understanding,2
unlock revenue generating and efficiency opportunities,2
experience operating customer-facing cloud services,2
drive the delivery of innovative digital customer engagement experiences,2
shape the technical and product direction,2
experience in ecodesign (preferred),2
"scaling adoption across researchers, engineers, external partners",2
vendor management experience,2
business requirements gathering,2
general industry knowledge,2
fintech/lending/financial services,2
customer success (nice to have),2
translate marketing briefs into structured workflows,2
marketing collaboration,2
working in the mortgage industry (preferred),2
lead the delivery of enterprise-wide data products,2
digital asset delivery requirements,2
measurable business value delivery,2
contributing to business growth,2
targeted paid advertising,2
"design and validate product‑specific agents (itsm, csm, hrsd)",2
lead execution of digital creative initiatives,2
product operations background,2
enterprise adoption acceleration,2
define product roadmaps,2
banking/financial services,2
"agri-products, leaf tobacco, plant-based ingredients, food and beverage, global supply chain",2
demonstrate company’s core competencies and values,2
experience with cloud platforms (azure),2
strong vendor management experience,2
private wealth management,2
value to the business,2
sense of drive to deliver impeccable product experiences,2
translate business needs into technical solutions,2
delivering meaningful business impact,2
business outcomes,2
broad industry knowledge,2
quantitative trading and financial services,2
"familiarity with modern hr technology platforms (e.g., workday, adp, salesforce)",2
experience launching products,2
apply knowledge to continuously improve offerings,2
manage consulting relationships,2
enterprise transformation,2
email marketing,2
provides highly innovative solutions,2
customer experience improvement,2
driven to stay current on technology trends,2
support omnichannel retail operations,2
integration into production,2
work closely with learning & development and marketing on firm outreach,2
deliver measurable business value,2
own delivery of data products and ssot platforms,2
customer service domain,2
customer supportability best practices,2
business judgment,2
client satisfaction,2
enterprise scale initiatives,2
last mile business,2
provide new internal capabilities,2
comfortable presenting to customers,2
analytics partner strategy,2
salesforce familiarity (crm),2
product-minded program management,2
"impact customer experience, design, architecture, and implementation",2
upholding apple’s expectations,2
asset creation processes,2
transforming world’s largest enterprises,2
"work with external partners (gsi, llm)",2
strong business judgment,2
measurable business impact,2
identify opportunities for process optimization and delivery excellence,2
basic concepts of billing and metering,2
2+ years experience with customer success processes (preferred),2
productizing agent requirements,2
marketing technology,2
establish and maintain strategic vendor relationships for genai training and tools,2
full life cycle of product development,2
sales software,2
"construction and specialty markets (advanced technology, life sciences, healthcare)",2
enterprise scale implementation,2
costing,2
align with broader platform and devices strategies,2
managing multi-market platforms,2
"experience with defining product visions, roadmaps, and product mvps",2
deep understanding of banking sales cycles,2
familiarity with enterprise applications (preferred),2
digital marketing,2
product lifecycle management (nice to have),2
vendor/contract oversight,2
wealth management technology trends,2
supply chain process improvement,2
coordinate with customer delivery and field teams to ensure readiness and adoption,2
consumer electronics and software platforms,2
drive business impact,2
retail domain experience,2
supply chain analytics and management,2
support internal enablement and external adoption,2
balancing customer and business needs,2
business acceleration,2
business analysis,2
experience in saas environment,2
billing and metering,2
mortgage insurance / financial services,2
provider satisfaction improvement,2
strategic vendor relationship management,2
experience leading saas/cloud based projects,2
represent organization at financial industry events,2
gather business requirements,2
financial alignment of technology expenditures,2
create competitive advantages,2
customer focus,2
evangelist for digital capabilities,2
business acumen,2
vendor management,2
creative resourcing management,2
defining product visions and roadmaps,2
identify most impactful opportunities for assist and agent use cases,2
Logistics/Supply Chain (Last Mile Delivery),2
create technical solutions for multiple ai challenges,3
ai-enhanced data capabilities,3
drive ai adoption and integration,3
"drive the design, execution, and optimization of autonomous ai-driven programs and solutions",3
ai governance frameworks implementation,3
knowledge of ai concepts,3
ai/ml regulatory domain experience,3
design ai upskilling programs,3
generative ai capabilities,3
enterprise ai roadmap and strategy alignment,3
lead end-to-end execution of ai programs,3
oversee the full lifecycle of ai projects,3
significant exposure to ai/ml,3
shaping security and risk strategy for ai products,3
"ensure scalable, high-performing ai solutions",3
experience working on ai model software development,3
expert understanding of computational requirements for ai research,3
strong technical fluency in generative ai,3
prototype and implement state of the art ai solutions,3
explain ai capabilities,3
integrating ai technologies into academic programs,3
ai platform adoption,3
experience in the machine learning and artificial intelligence project life-cycle,3
ai innovation,3
ai programs,3
understanding of agentic ai capabilities,3
ai tools & technologies mastery,3
operationalizing automation & ai tools,3
complex ai issues,3
provide dedicated tpm leadership for international ai-driven data initiatives,3
translate strategic ai/ml and data platform goals into executable plans,3
serve as the technical orchestrator for ai infrastructure,3
familiarity with the ai/machine learning lifecycle,3
full lifecycle management of ai initiatives,3
convert ai/ml strategies into actionable program roadmaps,3
agi (artificial general intelligence),3
translate ai strategy into executable delivery plans,3
serve as central point of coordination for ai delivery efforts,3
enterprise ai,3
ai-specific security challenges,3
knowledge of potential business applications (ai),3
"support phased ai/ml deployments, localization, and compliance readiness",3
change‑management capabilities for ai adoption,3
"recommending optimal, ai-driven solutions",3
generative ai programs,3
integrating artificial intelligence technologies,3
promote the use of ai-assisted tools and automations,3
manage ai vendor relationships,3
liaising with the ai committee,3
work closely with tech ai leadership,3
experience in ai environment,3
delivery of ai/ml projects,3
ai/ml adoption roadmaps,3
ai product development and deployment,3
scaling of automation & ai creative tools,3
"strategic, multi-disciplinary ai programs",3
plan and manage ai-focused projects,3
agents,3
"embedding governance, analytics, and ai/ml enablement",3
ai observability,3
define product vision and strategy for ai-driven products,3
ai use cases experience,3
"lead the strategic planning, execution, and delivery of ai initiatives",3
implement agentic automation frameworks,3
"ai-assisted tools (moveworks, chatgpt, copilot)",3
improving ai-driven autonomous behavior and system performance,3
concise explanations of complex ai concepts,3
act as ai point of contact,3
support planning and prioritization of ai/ml workstreams,3
implement strategic ai programs,3
defining and delivering complex ai features,3
gen ai experience,3
autonomous agent frameworks familiarity (nice to have),3
promote ai adoption,3
act as an ai generalist,3
familiarity with ai/ml systems and components,3
experience leading the development and deployment of ai agentic automation solutions,3
hands-on experience with ai agent frameworks,3
decision intelligence experience,3
work with third-party vendors to implement ai tools,3
artificial intelligence (ai) programs,3
experience supporting ai or automation initiatives (nice to have),3
ensure transparent communication of ai solutions,3
act as an ai evangelist,3
drive rollout of ai-enabled ssot data products,3
3+ years leading ai/ml initiatives,3
evaluate external ai vendors,3
complex ai concepts communication,3
deep understanding of ai model behavior,3
agentic ai/llm/genai fundamentals,3
automation,3
bring new ai-powered offerings to market,3
advocate for ai use,3
operationalize ai/ml models into production,3
ai integration into clinical workflows,3
develop enterprise ai strategy,3
autonomous system kpis,3
coordinate development of ai-enhanced online degrees,3
technical integration of gen ai features into internal workflows,3
solid knowledge of ai and automation technologies,3
ai-specific security challenges familiarity,3
stay current with emerging ai technologies and best practices,3
"at least 2 years focused on ai, machine learning, data-driven or system implementation initiatives",3
champion responsible ai,3
3+ years working with ai technologies,3
advanced certification in ai-related disciplines,3
ethical ai practices,3
coordinate ai champions,3
gen ai,3
ai-powered integrations,3
strong overall experience in the ai/ml regulatory domain,3
provide training and support for powerbi and new ai tools,3
hands-on experience in ai/ml or autonomous vehicle (av) projects,3
tpm/program experience with the servicenow platform/ai/automation (preferred),3
enterprise-scale ai solutions,3
asi (artificial superintelligence),3
passionate about responsible use ai,3
exposure to ai in creative workflows,3
ai/ml development workflows security,3
"interact with project sponsors, ai scientists, and development teams",3
ensure viability of ai driven products and data,3
oversee deployment and management of ai applications,3
ai concepts,3
champion an agentic automation and data-driven approach,3
deliver a transformational ai-first implementation and adoption experience,3
stay plugged into developments in ai orchestration,3
stay current with ai industry trends,3
"partner with ai/ml scientists, data engineers, analysts, and business stakeholders",3
develop programs that advance ai knowledge across the enterprise,3
generative ai technologies,3
ai concepts mastery,3
staying at the forefront of ai advancements,3
maintain strategic ai programs,3
facilitating communication of complex ai concepts,3
oversee multiple ai projects,3
ensure seamless integration of ai solutions,3
execute enterprise ai strategy,3
ai/ml libraries or frameworks,3
organize the enterprise ai safety board,3
understanding of ai capabilities and limitations,3
"develop an ai-first, autonomous implementations roadmap",3
manage multi-year roadmap for agentic ai capabilities,3
ability to quickly learn new software or ai platforms,3
ai literacy (nice to have),3
deployment of ai agentic automation solutions,3
ai solutions implementation,3
transformation of a major workflow using ai,3
azure ai services,3
2+ years ai programmatic metrics and measurement,3
optimizing ai use case intake process,3
integrating open-source ai frameworks,3
building and releasing new ai products and features,3
translate ai capabilities into business value,3
agent-based systems,3
lead charge in leveraging impactful generative ai capabilities,3
oversee technical integration of gen ai features,3
ai platform governance,3
stay current with ai tools,3
ai chatbots,3
stay up-to-date with industry trends in genai and agentic ai,3
certified ai practitioner (preferred),3
deliver transformational ai‑first implementation and adoption experience,3
promote ai fluency,3
2+ years experience in ai programmatic metrics and measurement,3
5+ years focused on ai or machine learning solutions,3
ai infrastructure,3
"ensure alignment, clarity, and shared ownership of tech ai projects",3
predictive ai programs,3
stay up-to-date with ai industry trends and emerging technologies,3
lead execution and delivery of ai/ml projects,3
responsible ai practices,3
lead platform evaluation and implementation for ai vendor tools,3
ai knowledge,3
understanding of autonomous behavior,3
providing ai project training integration,3
"ai governance (risk, compliance, sdlc guardrails)",3
eu ai act knowledge,3
analyze use-cases that align with the ai,3
develop ai strategy,3
partner with data science teams to operationalize ai/ml models,3
ai certifications (preferred),3
passion for ai/ml,3
driving projects using cutting-edge generative ai technologies,3
deployment of ai solutions,3
proven experience shipping gen ai-powered features at scale from pilot to production,3
exposure to ai/ml frameworks,3
lead strategic planning and execution of ai initiatives,3
ai generalist's understanding of ai,3
enterprise workflow automation (ai agents),3
ai/ml paradigms,3
focus on ai-specific security risks,3
ai scenarios,3
stay current with emerging ai technologies,3
driving the adoption of ai technologies,3
cloud infrastructure for artificial intelligence,3
generative ai,3
solid understanding of ai/ml concepts,3
chair the corporate ai advisory committee,3
managing complex ai/ml programs,3
oversee planning and execution of foundational ai infrastructure,3
working with ai scientists,3
ai red-teaming familiarity,3
ai solutions,3
ai governance expertise,3
supervise and mentor a small team of ai engineers,3
strategic ai programs,3
familiar with ai/ml systems and components,3
lead delivery of strategic ai initiatives,3
ai course certificates,3
define and track success metrics for agentic automation initiatives,3
lead migration from legacy assets to ai-enabled ssot platforms,3
acceleration of ai/ml & multi-agent frameworks,3
"experience with aws ai services (sagemaker, bedrock)",3
debugging complex ai issues,3
ai core concepts,3
knowledge of california ai transparency act,3
foundational ai infrastructure,3
managing multiple concurrent ai initiatives,3
1+ year bridging strategy and execution for ai solutions (preferred),3
lead the creation of ai agents for internal use,3
operationalize the ai program vision,3
ability to synthesize ai/ml regulations into strategies for product delivery roadmaps,3
lead multiple ai projects as a coordinated program,3
familiarity with cloud-based ai platforms,3
"experience in projects involving ai capabilities, large language models (llms), or agentic systems",3
ensure clear communication of ai solutions,3
drive the ai platform program,3
drive organization-wide adoption of generative ai technologies,3
passion for staying current with latest developments in ai technologies,3
5 years leading ai initiatives in healthcare,3
ensure infrastructure readiness for ai-first data pipelines and ml workloads,3
ai certification (leading employee training program for),3
bridging ai technologies with business strategy,3
oversee ai initiatives,3
seamless integration of ai solutions,3
integration of ai/ml models,3
"managing large, complex ai projects",3
"ensure ai solutions are validated for accuracy, quality, compliance",3
understanding of ai domains,3
understanding of ai/ml concepts,3
orchestrate and improve organization's ai capabilities,3
driving ai use at scale,3
drive oracle’s ai cloud platform solution space,3
partner with engineering and ai platform teams to resolve technical blockers,3
2+ years of hands-on experience with ai technologies,3
knowledge of us ai executive orders,3
represent agentic ai systems internally and externally,3
identifying opportunities to implement ai solutions,3
partner with ai architects and product teams on solution design,3
lifecycle management of ai/ml models,3
"lead ai initiatives in planning, procurement, manufacturing, and global logistics",3
understanding of ai performance,3
2-3 years of ai related experience,3
expert knowledge of ai applications in clinical settings,3
ensure effective communication of ai solutions,3
manage the lifecycle of ai projects,3
delivering ai projects,3
3+ years leading ai/ml or genai initiatives at enterprise scale,3
translate business objectives into ai implementation strategies,3
mitigating ai-specific risks (access/misuse/data leakage),3
experienced in deploying autonomous agents,3
pencil ai,3
robust experience managing ai vendor platform evaluation,3
driving business roi of ai initiatives,3
security of ai systems and data,3
"experience in ai/ml, autonomous vehicles, robotics, or aerospace domains",3
knowledge of nist ai rmf,3
design strategic ai programs,3
responsible ai principles,3
orchestration (ai),3
stay plugged into developments in intelligent automation,3
seamless ai integration,3
identify and implement ai solutions,3
ai cloud platform solution space,3
translate business challenges into actionable ai,3
experience with foundational ai models and tuning techniques,3
multi-disciplinary ai programs,3
ai capabilities,3
deployment and management of ai applications,3
intake and assess ai support requests,3
ai research and infrastructure,3
"deliver autonomous, ai-driven hr technology solutions aligned with people@ goals",3
driving the execution of ai initiatives,3
establish ai governance,3
ai trust and safety considerations,3
experience with ai-driven projects in data analytics,3
align ai solutions with organizational goals,3
kpi/okr tracking for ai programs,3
support change management and ai solution adoption,3
boundary-pushing ai workloads,3
"3+ years supporting ai, data science, or machine learning projects",3
experience in machine learning or artificial intelligence,3
lead end-to-end implementation of ai-enhanced online programs,3
ai/automation drives efficiency and value creation,3
enhance ai literacy,3
coordinate and manage cross-functional ai projects,3
proactively identify opportunities for agentic automation and efficiency,3
orchestrate development and implementation of ai-powered solutions,3
understanding of ai/ml technologies,3
managing complex ai initiatives,3
responsible ai implementation,3
ai-first design principles,3
understanding of ai accelerators,3
understanding of generative ai patterns,3
responsible ai usage guidelines,3
defining and implementing security strategies (ai models/workflows/datasets),3
managing cutting-edge ai initiatives,3
agentic systems,3
maintain current knowledge of ai and technology trends,3
large-scale ai initiatives,3
intelligent automation,3
translate abstract business challenges into concrete ai solutions,3
ai/ml strategies,3
using ai tools,3
international ai/ml standards and regulations,3
"stay current with emerging ai technologies, tools, and best practices",3
intelligent systems (nice to have),3
knowledge of ai concepts and their potential business applications (preferred),3
"define ai product vision, strategy, and roadmap",3
assess regulatory implications for ai models,3
understanding of agentic ai patterns,3
lead the ai drive in the organization,3
scalable ai solutions,3
advance responsible data and ai practices across the enterprise,3
ai initiatives oversight,3
contribute to integration and scaling of ai tools,3
ai-specific threat modeling background,3
programmatic and architectural leadership for agentic ai capabilities,3
stay up-to-date with ai industry trends,3
working familiarity with ai/ml frameworks,3
define ai use cases,3
shipping gen ai-powered features at scale from pilot to production,3
"design, productize, and pilot agentic ai‑first setup and implementation experiences",3
bridging strategy and execution for ai solutions,3
drive agentic ai acceleration program,3
ai-first implementation experience,3
manage internal ai platform initiatives,3
artificial intelligence and robotics,3
commitment to ethical ai,3
ai agentic automation,3
understanding of ai reliability,3
manage and lead ai solutions projects,3
solving complex ai problems,3
understanding of ai concepts,3
lead and manage multiple concurrent ai agentic automation portfolios and programs,3
manage end-to-end delivery of ai projects,3
strong understanding of ai/ml domains,3
ai paradigms,3
"designs, implements, and maintains strategic ai programs",3
document ai solutions and reporting tools,3
support development of an internal ai website,3
lead effective and efficient delivery of ai projects,3
releasing new ai products and features,3
passionate about ai,3
deliver ai-focused projects,3
ai-focused projects,3
ai safety expertise,3
global ai projects,3
coordinate the ai steward network,3
own enterprise ai/ml strategy,3
leading ai projects with external vendors,3
tracking ai/ml standards/regulations and their impact to apple’s business,3
artificial intelligence,3
"lead the execution of complex, multi-quarter technical roadmaps for ai/ml features",3
successful delivery of ai-powered products and services,3
2+ years of hands-on experience with chatbot implementation,3
transformational ai‑first implementation,3
3+ years generative ai experience,3
accelerate adoption of autonomous solutions,3
explore the potential of ai,3
experience in ai/data science/technology projects,3
proven ability to operationalize ai governance,3
define and enforce ai/ml security protocols,3
large-scale autonomous ai initiatives,3
stay up-to-date with emerging technologies (genai and agents),3
understanding of ai frameworks,3
7+ years of experience managing complex ai/ml or software programs,3
epic cadence certification,4
documentation and reporting competency,4
product safety standards,4
"governance (unified, trusted data products)",4
"coordinate security assessments, accreditation reviews, and governance checkpoints",4
security controls,4
pgmp certification (preferred),4
"adherence to international regulations (gdpr, ccpa, lgpd)",4
pmp certification (preferred),4
hipaa compliance,4
epic clinical application certification,4
federal contracting and defense,4
financial regulatory and compliance frameworks familiarity (preferred),4
ccpa knowledge,4
maintaining ethical standards,4
resource securing,4
upholding user trust and confidence,4
adherence to standards of excellence,4
safe program consultant certification,4
ensure compliance with data governance,4
user-acceptance testing (uat),4
review and approve design decisions for compliance,4
regulatory compliance,4
public trust clearance eligibility,4
privacy and security awareness,4
pay transparency regulations,4
"maintaining operating governance, compliance and executive alignment",4
ensure transparency,4
implement and maintain security controls,4
financial regulatory compliance,4
secure systems,4
secret clearance,4
regularity compliance,4
evolving financial regulations knowledge,4
csm certification (preferred),4
quality assurance,4
developing plans to ensure compliance to required standards and regulations,4
cost transparency,4
compliance alignment,4
manage compliance risk,4
"ensure delivery teams implement security controls, audit logging, and documentation practices",4
partner with the legal team on regularity compliance,4
experience working with regulatory compliance in finance and insurance sectors,4
ethical guidelines,4
driving user acceptance testing (uat),4
nga iv&v requirements,4
prosci certification (preferred),4
"broad understanding of regulations, advocacy, standards",4
monitor and interpret financial regulatory guidance,4
ensure compliance,4
environmental standards,4
security controls implementation,4
global privacy protocols,4
contract oversight,4
uphold quality standards,4
ensuring responsible adoption,4
knowledge of iso 42001,4
epic cogito certification,4
transparency and accountability,4
core security domains knowledge,4
rbac (role-based access control),4
knowledge in implementing web content accessibility guidelines (wcag) 2.2 aa standards,4
policy enforcement,4
"follow federal, state, and local laws",4
csm certification (plus),4
experience in packaging regulations (preferred),4
ensuring standards and regulations are up to date,4
multi-regional compliance requirements,4
consumer electronics regulation and compliance,4
industry standards compliance,4
pmp certification (plus),4
regulatory requirements compliance,4
ability to obtain a secret clearance,4
create playbooks and setting clear guidelines,4
awareness of regional compliance requirements,4
knowledge of compliance and data privacy (online education),4
legally authorized to work in the united states,4
wasc accreditation standards familiarity,4
driving business validation testing (bvt),4
emc standards,4
experience in product environmental & chemical compliance (preferred),4
msft technology certifications,4
active top secret clearance with sci eligibility,4
validate model functionality,4
privacy requirements collaboration,4
upholding the highest standards of product integrity,4
commitment to patient privacy,4
integrating ethical guidelines,4
experience in biocompatibility regulations (preferred),4
authority to operate (ato),4
ensure alignment and transparency,4
model validation knowledge,4
six sigma green belt certification,4
ability to run coe review boards,4
knowledge of accessibility best practices,4
ensure compliance with industry standards,4
knowledge in implementing web content accessibility guidelines (wcag 2.2 aa),4
strong working knowledge of core security domains,4
wireless standards,4
phi sensitive data exposure,4
pmi-acp certification (preferred),4
integrating security controls,4
conduct regular assessments of adoption barriers and opportunities,4
leading reviews with cross functional vps on key upcoming standards and regulations,4
access management and auditability,4
security standards alignment,4
compliance maintenance,4
audit logging practices,4
compliance checks,4
ability to interpret regulations for product and schedule impact,4
advanced certification in clinical informatics,4
ethical considerations,4
track project performance,5
cost/benefit analysis,5
establish and monitor key performance indicators (kpis) and metrics,5
performance metrics,5
design powerbi dashboards and reports,5
"tracking success metrics (cost per variation, time-to-market, creative effectiveness)",5
success metrics definition,5
"report in roi, performance and adoption",5
reporting/analytics tools,5
identify and prioritize internal productivity use cases,5
roi tracking,5
key performance indicators (kpis),5
operational efficiency enhancement,5
defining and tracking success metrics,5
implementing programmatic metrics,5
prepare performance reports,5
evaluating creative performance,5
establishing metrics and dashboards,5
develop and track key performance indicators for genai adoption and usage,5
developing and applying metrics,5
measure success and optimize performance,5
document key performance metrics,5
"track kpis (adoption, quality, time-to-value)",5
measure business impact,5
monitor program kpis,5
performance standards alignment,5
expense tracking,5
familiarity with autonomous system kpis and performance metrics,5
contribute to tool evaluation feedback loops,5
tracking key performance indicators (kpis),5
hr analytics tools,5
measure impact,5
gather kpis to track progress across projects,5
"understanding model trade-offs (size, latency, cost, output quality)",5
model performance tracking,5
drive operational efficiency,5
collecting and analyzing performance data,5
establish metrics and dashboards to monitor performance,5
monitoring model performance in production,5
define and track success metrics,5
detailed analytical reports,5
cost estimation,5
earned value management (evm) reporting,5
tracking project performance,5
"report on business impact, roi, and success metrics",5
performance marketing,5
performance monitoring,5
experience developing and writing performance work statements (pws) or statements of work (sows),5
establish kpis,5
performance feedback,5
metrics dashboards,5
"establish standardized processes, tools, and metrics",5
monitor technology budgets,5
interpret trends and develop action plans for kpis,5
performance oversight,5
"govern product analytics (usage metrics, incident impact)",5
defining programmatic metrics,5
performance testing,5
use of best fit methodology,5
evaluate product performance metrics,5
"define success criteria, okrs, and kpis",5
dashboards proficiency,5
calculating roi,5
estimating,5
business performance,5
business impact measurement,5
kpis/okrs,5
statistics (preferred field),5
defining success metrics,5
visualizing key performance indicators,5
enhance productivity,5
present performance reports,5
financial strength improvement,5
success metrics reporting,5
measuring success in terms of business outcomes,5
dashboard proficiency,5
automated alerting systems for performance degradation,5
monitor portfolio progress,5
10+ years experience in engineering or product/technical program management or data analysis or product development (preferred),6
experience working with and managing open source software solutions,6
5+ years of experience leading programs,6
1+ year experience working with llms,6
5+ years software development experience,6
10+ years engineering experience,6
5+ years project management experience,6
3+ years experience managing and delivering data products (preferred),6
3+ years expertise in competitive landscape (note-taking platforms),6
5+ years of hands-on experience,6
5 years of manufacturing or supply chain analytics experience,6
6+ years in engineering or product/technical program management or data analysis or product development,6
5+ years of experience in project or program management,6
7+ years of experience in technical program management,6
"experience working with engineering, research, design, and product management teams",6
10+ years running coe’s,6
1+ years of ai experience (technology capacity),6
8+ years of product management experience,6
8 years of experience in program management,6
5+ years of experience in business analysis,6
7+ years of working directly with engineering teams experience,6
at least 7 years of experience (sw program/project manager),6
2+ years software development experience,6
10+ years technical program management,6
experience leading large-scale healthcare it projects,6
2+ years experience managing cross-functional projects,6
7+ years of project management experience,6
8+ years of technical program management experience,6
five years of experience in a technology environment,6
experience in wealth or asset management,6
1+ year experience working with prompt engineering,6
8+ years experience (preferred),6
7+ years managing it/technology projects,6
experience with software development life cycle,6
experience in higher education or edtech,6
"3+ years of experience supporting, planning, scheduling, coordinating, or delivering ai, data science, or machine learning projects",6
experience in financial services,6
experience in software development environments,6
8+ years implementing security programs/projects,6
1+ year experience working with fine-tuning,6
8+ years working in technical program management,6
10+ years as hands-on technical program manager,6
experience in government affairs (preferred),6
7+ years of project/program management experience,6
prior experience in contract or consulting roles,6
5+ years of technical program management working directly with software engineering teams experience,6
3+ years project management experience,6
5+ years in program or project management,6
5+ years of experience leading change management initiatives,6
3+ years working directly with engineering teams (preferred),6
5 years experience in engineering or program management (if bachelor's degree held),6
3+ years of project management experience,6
4+ years experience in engineering,6
5 years of product/project/program management experience,6
5+ years of experience leading projects,6
proven sw epm experience,6
extensive experience working with banking institutions,6
"4-7 years of relevant work experience in business, engineering, or a related field",6
"7+ years of experience in a related field or industry (preferred, with ms/phd)",6
leading engineers in a fast-paced product development climate,6
3-5 years experience in product operations,6
equivalent experience/training combination,6
4 years product design experience,6
7+ years program management experience,6
1+ years of ai experience (product management capacity),6
7+ years in program or portfolio management,6
financial services experience (preferred),6
3-5 years consulting for banks experience,6
3-5 years experience in digital production,6
3+ years of experience in program or project management,6
10-15 years in program management,6
5+ years of experience in business intelligence,6
ml experience,6
8 years program management,6
3+ years of software development experience,6
3-5 years banking industry experience,6
experience in technical product environments,6
"experience leading ato/rmf planning, documentation, and accreditation efforts",6
4+ years experience in data analysis or product development,6
5+ years of technical product or program management experience,6
4+ years experience in product/technical program management,6
6+ years experience managing cross-functional projects (preferred),6
5+ years of experience in systems analysis,6
1+ year reading and/or writing code (preferred),6
2-3 years of practical professional experience in project management,6
5+ years of experience in project management,6
7+ years technical product or program management experience,6
6 years engineering program management,6
4+ years professional experience,6
maturity to navigate senior engineering folks,6
1+ years of ai experience (consulting capacity),6
3 years experience in product design (if master's held),6
3+ years technical product or program management experience,6
relevant technical field experience,6
experience leading software projects,6
3+ years of program management experience,6
6+ years of technical program or project management experience,6
3-5 years experience in digital project management,6
extensive experience working with financial institutions,6
supervision,7
office-based role,7
developing leadership updates,7
provide support and guidance,7
managing highly visible role with company-wide impact,7
mentoring and coaching,7
mentoring,7
effective communication with all levels of leadership,7
influence without authority,7
build relationships and manage by influence,7
education leadership,7
inclusive leadership practices,7
"oversee authority to operate (ato) planning, documentation, and evidence gathering",7
technical leadership,7
strategic program leadership,7
facilitate meetings,7
influence across organizational boundaries,7
executive communication,7
"run governance cadences (stand-ups, status reviews, steering committees)",7
strategic advisor to executive leadership,7
communicating with executive leadership,7
management by influence,7
working with executive leadership,7
coaching,7
ability to communicate at the senior leadership levels,7
ability to influence outcomes without formal authority,7
prepare and deliver executive-level reports and presentations,7
chair and manage the genai governance committee,7
seasoned leader,7
drive operational excellence,7
mentorship role,7
operating with influence,7
guide junior employee activities,7
executive briefings,7
own monthly leadership reviews,7
communication effectively with executives,7
program manager governance & oversight,7
interacting with flag officers,7
complete responsibility for engagement management,7
leading without direct authority,7
cross-functional leadership,7
scheduling and facilitating meetings,7
ability to interact with all organizational levels,7
servant leadership,7
executive presence,7
communication with leadership,7
review junior employee activities,7
provide operational support to executive leadership,7
nurture accountability,7
comfortable presenting to executives,7
excellent executive communication,7
steering committees management,7
leadership,7
provide direction and mentoring,7
prepare executive briefings,7
responsible/accountable,7
explain analyses and recommendations to executives,7
mentorship,7
trusted advisor,7
mentors or supervises employees,7
contribute to thought leadership and point-of-view documents,7
establish center of excellence,7
strategic leader,7
coordinating efforts with centers of excellent (coe),7
exceptional cross-functional leadership,7
confidently interface with all levels of staff,7
interacting with senior executives,7
sound executive presence,7
ensuring leadership visibility into risks and outcomes,7
prepare reports of progress for leadership,7
briefing executive leadership,7
exceptional collaborative leadership style,7
"cross‑functional leadership (product, delivery, security, legal, risk)",7
leader alignment,7
enhance employee experiences,7
senior level position,7
strategic leadership,7
demonstrated leadership skills,7
ability to influence,7
experience managing executive-level updates,7
provide regular updates to leadership,7
"drive projects from initial conception through to successful, measurable launch",8
ms project,8
smartsheet (project management tool),8
project management certification,8
project management principles,8
project management expertise,8
managing multiple projects across domains,8
define project scopes,8
3+ years managing cross-functional projects,8
utilize modern project management tools to maintain real-time visibility and track progress,8
project scope management,8
defining project scope,8
align project outcomes with the company’s ai roadmap,8
ensuring the highest levels of project execution and rigor,8
drive execution of digital creative projects,8
"managing key project management collaborative, tracking, and communications tools and systems",8
"proven ability to lead complex, cross-functional projects independently",8
manage multiple projects simultaneously,8
initiate pilot projects,8
contribute to program level activities (m&a),8
project management tools,8
proven track record as a program or project manager within the ic,8
"lead complex, multi-disciplinary projects from start to finish",8
managing technical projects from conception through to deployment,8
cognitive project management for artificial intelligence (cpmai) certification,8
develop project timelines,8
project tracking,8
deep knowledge of project/program management principles,8
building roadmaps,8
manage infrastructure projects,8
organize and lead project status meetings,8
project leadership,8
manage requirements throughout the project lifecycle,8
leading large-scale healthcare it projects,8
project management professional (pmp) certification,8
project execution,8
managing complex cross-functional projects,8
project breakdown into workstreams,8
5-7+ years managing complex educational technology projects,8
ensure project documentation is current and accessible,8
managing project portfolios,8
coordinate with software development,8
ensuring project alignment with enterprise roadmap,8
clearly communicate project impact,8
project plan development,8
project implementation,8
manage project schedules,8
high visibility projects,8
evaluate project success,8
managing end-to-end lifecycle of multiple data/ai projects,8
"managing complex, multi-phase projects",8
define project scope,8
oversee use of technology project management tools,8
managing project activities,8
managing inter-project dependencies,8
project management best practices,8
lead the full project lifecycle,8
8+ years managing complex technology projects (preferred),8
project closeout,8
ensuring projects are on schedule,8
proven ability to manage complex technical projects,8
lead end-to-end project execution,8
defining project objectives and deliverables,8
digital transformation projects experience,8
lead end-to-end project management for strategic initiatives,8
managing multiple projects,8
managing multiple data/ai projects,8
setup processes and procedures to optimize project approach,8
ensure project scaling,8
project delivery and closure,8
managing ambiguity/experimental projects,8
monitor status of project roadmap,8
certification in project management,8
managing complex projects,8
supervision of project staff/vendors,8
manage day-to-day activities of projects and staff,8
project monitoring,8
regular project check-ins,8
"leading complex, cross-functional projects",8
project scheduling,8
end-to-end project management,8
tailor project management processes,8
8+ years managing cross-functional projects (preferred),8
full project lifecycle management,8
project management professional (pmp),8
"detailed plans outlining project phases, timelines, and milestones",8
digital project management background,8
aligning projects with organizational goals,8
project feasibility analysis,8
proven project manager experience,8
project schedule management,8
ms project proficiency,8
manage technology budgets,8
software project management tools,8
manage project lifecycle,8
project deployment/implementation,8
project breakdown into manageable pieces,8
manage gpu platform projects,8
program/project management tools,8
comfort working on technical projects,8
knowledge of project and program management practices in a dod setting,8
managing complex technical projects,8
managing ambiguous projects,8
manage online software development project activities,8
project management skills,8
technical project management,8
manage project scope and timelines,8
"complex, multi-disciplinary projects",8
managing diverse ai project portfolio,8
successfully delivering complex projects,8
project planning/ideation,8
develop comprehensive project plans,8
"define project goals, scope, and success metrics",8
coordinating ai project portfolio,8
project management,8
project planning,8
2+ years managing cross-functional projects,8
comfort working on non-technical projects,8
develop comprehensive project plans and budgets,8
project initiation,8
project lifecycle,8
monitor project progress,8
"define project vision, scope, goals, and deliverables",8
prioritization across ai project portfolio,8
project tracking software proficiency,8
project and program management practices,8
project governance,8
saas/cloud based projects,8
hybrid project management methodologies,8
certification in project management (preferred),8
"develop, refine and uphold project schedules",8
track record of successfully delivering complex projects,8
project scope statements,8
tailoring project management processes,8
project control,8
project closure,8
manage and lead powerbi reporting projects,8
project management practices,8
highly developed project management skills,8
project scoping,8
continuously improve project execution processes,8
schedule development/management,8
strong proficiency in project management tools,8
project execution and rigor,8
managing complex technology projects,8
directing projects successfully,8
"leading complex, high-impact projects",8
develop budgets,8
"define project scope, technical goals, and high-impact deliverables",8
scrum methodology,9
ability to coach teams on agile best practices,9
agile workflows (nice to have),9
agile certification (preferred),9
expertise in agile at scale,9
scrum teams,9
working in agile environment,9
proficiency in agile,9
agile practices,9
scrum methodologies,9
hands-on experience in agile environments,9
"oversee sprint planning, backlog prioritization, and iterative delivery",9
agile certification (csm/safe),9
agile development methodologies,9
facilitate agile workflows,9
safe (scaled agile framework),9
agile certifications,9
proficiency in waterfall,9
agile delivery,9
scrum certification (preferred),9
jira for agile planning and tracking,9
familiarity with agile methodologies,9
agile methodology,9
waterfall methodologies,9
8+ years of experience with agile methodologies or software project management tools,9
agile development process leadership,9
agile program delivery,9
agile methodologies,9
agile execution,9
drive agile sprint planning and execution,9
agile development,9
scrum,9
guiding multiple scrum teams concurrently,9
agile project management certification,9
proficiency in scrum,9
sprint planning,9
facilitate agile ceremonies,9
expertise in agile frameworks (scrum/kanban),9
experience leading and coaching cross-functional agile or scrum teams,9
agile sprint planning,9
jira (agile lifecycle tool),9
exceptional interpersonal skills,10
written communication,10
exceptional communication skills,10
clear communication,10
ability to build strong relationships at all levels,10
strong technical fluency,10
exceptional problem-solving skills,10
highly effective communicator (spoken and written),10
interpersonal skills,10
"upward, downward, and lateral communication skills",10
"exceptional written, verbal, and visual communication skills",10
solid communication skills,10
develop instructional media,10
organizational skills,10
sharp interpersonal skills,10
effective communications skills,10
advanced analytical skills,10
presentation skills,10
expand skills,10
strong interpersonal skills,10
clear communicator,10
written and verbal communications,10
excellent oral communication skills,10
sharepoint proficiency,10
expert proficiency in interpersonal communications,10
identify skills gaps,10
exceptional communication and interpersonal skills,10
problem-solving skills,10
expert-level problem-solving skills,10
analytical skills,10
excellent analytical skills,10
excellent verbal communication skills,10
analytical talent,10
communication,10
training performance requirements,10
strong interpersonal communication,10
strategic liaison skills,10
excellent communication skills,10
exceptional organizational skills,10
negotiation skills,10
education and communication initiatives,10
problem solving skills,10
communication skills,10
excellent written communication skills,10
outstanding interpersonal skills,10
communicating with clarity,10
effective communicator,10
visual communication,10
strong presentation skills for technical/non-technical audiences,10
written and verbal communication skills,10
conduct training sessions,10
strong problem-solving skills,10
verbal communication,10
strong analytical skills,10
excellent verbal skills,10
critical thinking and analytical skills,10
impeccable organizational skills,10
strong communication skills,10
problem-solving abilities,10
excellent written skills,10
excellent communication,10
highly skilled and self-driven,10
azure health data services,11
data-driven decisions,11
lead execution of foundational data capabilities,11
leading unified data fabric programs,11
"collaborate with engineering, data science, and business partners",11
federal government / homeland security / data solutions,11
leading large-scale data transformation programs,11
data modeling,11
model catalogs,11
foundation concepts of ml,11
operational data analysis,11
graph data science experience,11
enhance data analysis and forecasting,11
familiarity with nga data environments,11
big data experience,11
cloud-based advanced analytics design,11
machine learning understanding,11
"bridging enterprise architecture, data engineering, and business operations",11
experience with sql,11
metadata lineage,11
sql,11
technical grounding in data architecture and modeling,11
data presentation,11
databricks (preferred),11
databricks,11
business intelligence strategy,11
3+ years leading data-driven initiatives,11
model monitoring knowledge,11
business intelligence,11
managing enterprise data programs,11
10+ years enterprise data platforms focus,11
knowledge of gdpr,11
5+ years of experience in data analytics,11
data-driven decision-making,11
data-driven mindset,11
data to guide decisions,11
datalake,11
data science knowledge,11
significant exposure to data engineering,11
"experience with ssot, mdm, or unified data fabric programs",11
data science,11
driving data-driven decisions impacting product integrity,11
data literacy,11
aiml integration in analytics space,11
data visualization,11
scripts for data processing,11
supervised/unsupervised learning,11
gdpr,11
utilize data insights,11
data privacy laws knowledge,11
data analysis tools (preferred),11
hands-on work with data-driven performance analysis and optimization,11
derive actionable insights from complex data,11
data science/ai concepts,11
familiarity with data integration (preferred),11
data science fundamentals,11
data analytics,11
data processing documentation,11
data analytics knowledge,11
data security,11
data analysis,11
data analytics use,11
working knowledge of machine learning,11
built a few machine learning models,11
cutting-edge machine learning technologies,11
delivering data products,11
ai-first data pipelines,11
direct staff data tpms work activities,11
data analytics understanding,11
significant exposure to cloud infrastructure,11
curate datacamp learning paths,11
leveraging data insights,11
data-driven approach,11
data integration,11
data protection,11
sql (preferred),11
experience with statistical modeling,11
working closely with data scientists,11
data pipelines,11
technical fluency in cloud and data platforms,11
machine learning projects,11
machine learning,11
2+ years focused on powerbi and data presentation,11
data ingestion architecture documentation,11
data analytics fundamentals,11
data governance,11
ability to translate complex data insights into actionable strategies,11
ml models management,11
data-driven decision making,11
data-driven improvements,11
coordinate with data engineering,11
coordinate with data analytics,11
manage and lead data integration projects,11
machine learning (ml),11
understanding of data pipelines,11
data science concepts,11
supervised learning,11
understanding of business intelligence tools,11
petabyte scale data management,11
standardized data governance frameworks,11
"experience analyzing complex, large-scale data sets",11
aws cloud knowledge,11
promote data literacy and usage maturity,11
data contracts,11
baseline knowledge of machine learning algorithms,11
"3+ years delivering ai/ml, data science, or advanced analytics solutions",11
5 years leading data science initiatives,11
data usage/sharing concerns,11
managing cloud-based data pipelines,11
gdpr knowledge,11
data privacy,11
machine learning concepts,11
"collaborate with developers, data engineers, and data scientists",11
google cloud knowledge,11
"managing complex, large-scale data sets",11
record key decisions made,11
experience with large scale data transformations,11
knowledge graphs (nice to have),11
azure cloud knowledge,11
optimize processes and validate use cases leveraging data insights,11
"clarifying and analyzing requirements with data architects, smes, and engineers",11
data integration (preferred),11
oci cloud knowledge,11
commitment to quality and stakeholder satisfaction,12
stakeholder engagement skills,12
managing cross-functional stakeholders,12
developing and managing relationships with federal stakeholders,12
stakeholder partnering,12
stakeholder communication,12
effective communication with stakeholders,12
stakeholder engagement,12
collaborating with cross-functional global stakeholders,12
educate stakeholders and customers,12
fostering strategic partnerships,12
ability to align with stakeholders,12
simplified explanations for non-technical stakeholders,12
ability to influence stakeholders across all levels,12
engage various stakeholders,12
stakeholder management abilities,12
stakeholder collaboration,12
stakeholder relationship management,12
supporting regulatory advocacy and engagements discussions,12
"bridging communication between engineers, leadership, and stakeholders",12
providing governance and oversight,12
stakeholder relationship development,12
overseeing external partnerships,12
regular stakeholder updates,12
experience working with stakeholders to translate strategic objectives into executable plans,12
building alignment across diverse stakeholders,12
stakeholder coordination,12
"governance tools (collibra, alation, atlan)",12
"stakeholder collaboration (product, bu, client delivery teams)",12
non-profit environment,12
communicating with technical and non-technical stakeholders,12
stakeholder management,12
engage project sponsors and stakeholders for input,12
stakeholder dissemination,12
collaborate with strategic partners and early adopters,12
program governance practices,12
manage third-party solution pilots,12
manage partnerships,12
building effective partnerships,12
drive stakeholder alignment,12
managing multiple cross-functional stakeholders,12
communicating across varied audiences in a climate of debate,12
partner with stakeholders to prioritize solutions,12
multiple stakeholders management,12
regulatory advocacy and engagements,12
stakeholder updates,12
aligning stakeholders toward shared outcomes,12
primary interface with senior nga/ic stakeholders,12
"implementing best practices in project governance, documentation, and communication",12
1+ year communicating between technical and non-technical stakeholders,12
collaborate with stakeholders to define project scope,12
act as the bridge between engineering and business stakeholders,12
stakeholder communication (technical/non-technical),12
influencing stakeholders at all levels,12
ensure responsible development,12
coordinate cross-functional stakeholders and technical teams,12
individual contributor role,12
influence and align diverse stakeholders,12
partnering with product and infrastructure teams,12
"creating strategies for regulatory delivery, advocacy, and principles",12
act as a bridge between business stakeholders and technology team,12
work with stakeholders,12
adapting communication style for stakeholders,12
bachelor's degree in a directly related field,13
b.s. in data science,13
bachelor's degree in a technical field,13
bachelor's degree,13
"bachelor's degree in computer science, information systems, or a related field",13
master's degree (preferred),13
master’s degree in computer science,13
educational technology/higher education,13
b.s. or b.a. degree in computer science,13
bachelor’s degree in a related field,13
master’s degree in data science (preferred),13
background in higher education and industry/edtech settings,13
master’s degree in engineering,13
bachelor’s or master’s degree in a related technical field,13
master’s degree in business administration,13
bachelor's degree in technology management,13
b.s. or b.a. degree in project management,13
bachelor's degree in project management or related field,13
bachelor's degree in physics,13
computer science (preferred field),13
b.s. or b.a. degree in business administration,13
advanced degree (preferred),13
master's degree in computer science,13
bachelor’s degree in business,13
bachelor’s degree in engineering,13
m.s. or phd in data science (preferred),13
bachelor's degree in analytics,13
information technology (preferred field),13
proven track record launching online degree programs,13
master's degree in engineering,13
master’s degree in ai/ml,13
bachelor's degree in software engineering,13
bachelor's degree in computer science,13
bachelor’s degree,13
b.s. or b.a. degree in management,13
healthcare/life sciences,13
b.s. in computer engineering,13
m.s. or phd in computer engineering (preferred),13
b.s.,13
bachelor's degree in business management,13
related field degree,13
b.s. in computer science,13
m.s. or phd in computer science (preferred),13
bachelor’s degree in data science,13
bachelor's degree in applied sciences,13
mathematics (preferred field),13
leading first-to-market innovative degree format,13
related field bachelor's degree equivalent,13
master's degree,13
bachelor’s in a quantitative field,13
bachelor's degree in health care information technology,13
bachelor’s degree in computer science,13
master’s degree in program management,13
master’s degree in artificial intelligence (preferred),13
bachelor’s degree in information technology,13
master’s degree in business administration (preferred),13
bachelor's degree in engineering,13
bachelor's degree in computer sciences,13
master's degree in a related field,13
bachelor’s degree in systems engineering,13
bachelor's degree in a technology field,13
bachelor’s in a technical field,13
bachelor’s degree in business administration,13
bachelor's degree in information systems,13
master’s degree (a plus),13
bachelor’s degree in mathematics,13
bachelor's degree in mathematics,13
master’s degree in business analytics (preferred),13
bachelor’s degree or higher,13
enhance decision-making processes,14
ensure alignment with organizational goals,14
translating business objectives,14
alignment with ic mission priorities,14
"translate high-level objectives into actionable roadmaps, milestones, and deliverables",14
budgeting,14
alignment with nga enterprise objectives,14
prioritizing initiatives,14
managing competing demands,14
prioritization,14
strategic value assessment,14
negotiation,14
ensuring clarity and alignment on key product decisions,14
strategic oversight,14
strategic objectives,14
identify and resolve roadblocks and conflicts,14
execution discipline,14
apply analytical and strategic thinking to complex problems,14
balancing competing priorities,14
adopt effective processes,14
unified decision-making,14
communicating trade-offs,14
plan requirements,14
managing resources,14
strategic initiatives,14
defining clear objectives,14
contingency plans,14
portfolio prioritization,14
develop and execute launch strategies,14
issue management,14
experience prioritizing key initiatives,14
guiding high-stakes decisions,14
conflict resolution (resolving blockers),14
ensuring security efforts are well-coordinated,14
strategic business outcomes alignment,14
providing advice and counsel on optimal strategies,14
track priorities,14
ability to adjust and set priorities,14
scope management,14
prioritize high-impact use cases,14
flagging scope or priority changes,14
influencing outcomes consistent with priorities and strategies,14
analytical problem-solving,14
business strategy alignment,14
correct deviations from plans,14
algorithmic decision-making,14
stay ahead of competitive solutions,14
tradeoff balancing,14
ensuring alignment with organizational goals,14
organizational goals alignment,14
translating strategic objectives into executable plans,14
coordinate across organizational boundaries,14
strategic execution,14
facilitate internal change management,14
supporting informed decision-making,14
manage multiple priorities,14
resource planning,14
contract negotiations,14
resolve conflicts,14
planning,14
coordinating resource staffing and priorities,14
value/effort trade‑offs,14
"understanding of priorities, constraints, and unique business drivers",14
strategic planning,14
managing shifting priorities,14
strategic thinking,14
cost control,14
represent complex decisions,14
shifting priorities,14
organizational capacity planning,14
ability to influence strategic direction,14
resource coordination,14
work independently with minimal direction,14
decision making,14
strategic impact analysis,14
proven ability to manage multiple initiatives,14
alignment with organizational goals,14
budget management,14
problems of moderate scope and complexity,14
conflict resolution,14
managing technical constraints,14
bridging strategy with execution,14
turning strategy into execution,14
resource management,14
translating high-level objectives,14
solution-oriented mindset,14
enterprise strategy and workflow optimization,14
inform strategic decision-making,14
alignment with business priorities,14
ensure alignment with business objectives,14
translate business objectives into program goals,14
issue management (mitigation plans),14
provide input into strategic planning,14
comfortable operating where priorities evolve,14
business objectives alignment,14
technical tradeoff decisions,14
strategic lens,14
managing expectations,14
business needs alignment,14
solving challenging problems,14
"balancing business goals, user needs, and feasibility",14
problem-solving,14
bias for action,14
task assignments,14
managing complex cross-functional relationships,14
working independently with minimal direction,14
quality management,14
"align on scope, timelines, and dependencies",14
change management,14
drive technical tradeoff decisions,14
summarizing complex trade-offs,14
translating ambiguous business goals into requirements,14
reducing management overhead,14
understanding business objectives,14
"analytical, organized, and data-driven mindset",14
resolve a wide range of issues independently,14
managing complex efforts,14
define and enforce raci and decision-making frameworks,14
drive change management efforts,14
provide decision clarity,14
managing complex issues,14
align on architecture decisions,14
collaborate with department heads to identify and prioritize high-value genai use cases,14
represent trade-offs and solutions,14
managing competing priorities,14
strategy to execution,14
overseeing issue and priority management efforts,14
managing ambiguity,14
implement mitigation strategies and corrective actions,14
building consensus,14
budget management experience,14
escalation management,14
alignment with strategic priorities,14
complex cross-functional planning,14
resolving a wide range of issues independently,14
decision-making frameworks,14
resource maximization,14
organizational change management,14
resource allocation,14
issue identification and management,14
governance cadences management,14
priority management,14
objective,14
expectation management,14
priorities management,14
business strategy shaping,14
prioritizing tasks,14
strategic thinker,14
aligning with enterprise goals,14
bias mitigation,14
change management initiatives,14
driving strategic regulatory progress,14
azure (collaboration tools),15
experience working with global teams,15
supporting cross-cultural teams,15
comfortable presenting to technical teams,15
managing complex cross-functional efforts,15
team management,15
lead cross-functional teams,15
managing team-level capacity,15
coaching cross-functional teams,15
team building,15
leading cross-functional initiatives,15
collaborate with various departments,15
proven experience leading cross-functional teams,15
coordinate cross-functional teams,15
working across multiple l8 teams,15
team leadership,15
"manage complex, cross-functional initiatives",15
managing throughput across teams,15
harnessing the powers of teamwork,15
managing cross-functional teams,15
coach and train project team members,15
ability to influence cross-functional teams,15
team velocity tracking,15
experience working with marketing teams,15
team management skills,15
partner with product teams,15
experience collaborating in hybrid teams,15
thriving in a dynamic team,15
official records of team meetings,15
managing technical and strategy teams in data science,15
develop training programs and provide support to internal teams,15
experience managing projects across cross functional teams,15
managing team capacity and throughput,15
experience leveraging objective performance metrics to optimize team delivery,15
global team engagement,15
managing technical and strategy teams in data management,15
bridging technical and business teams,15
cross-functional collaboration,15
leading diverse teams,15
motivate project teams,15
guiding cross-functional team,15
managing strategy teams,15
enhance productivity across teams,15
team synchronization,15
collaborating with globally distributed teams,15
resolving cross-team blockers,15
ability to influence across teams,15
team coaching and training,15
orchestrate delivery across engineering and product teams,15
experience working with remote teams,15
working closely with business teams,15
build cross-functional teams,15
cross-functional coordination,15
driving alignment across pace teams and key business partners,15
effective teamwork,15
improve workflows and team efficiency,15
collaborate with enterprise analytics team to drive optimization efforts,15
partner with engineering teams to deliver on product roadmaps,15
team support,15
collaboration,15
leading multidisciplinary teams,15
aligning cross-functional teams around goals,15
managing technical and strategy teams in data analytics,15
capable of working collaboratively,15
orchestrating cross-functional initiatives,15
experience leading cross-functional project teams,15
"microsoft 365 (teams, sharepoint)",15
support the regional and local ai support teams globally,15
partnering with internal hardware teams,15
leading multiple projects and teams,15
leading cross-functional teams,15
design and deliver organization-wide awareness sessions and workshops,15
lead cross-functional initiatives,15
cross-organizational collaboration,15
align priorities across teams,15
strong collaboration,15
coordinate with clinical application teams,15
experience working with cross-functional teams,15
helping teams understand security tradeoffs,15
partnering with internal software teams,15
orchestrate aiml program across multiple teams,15
drive integration across internal teams and external partners,15
collaborate with operational leaders to implement tools,15
working across geographically dispersed teams and multiple time zones,15
team direction and support,15
"collaboration with product, engineering, legal, it, marketing teams",15
support solution design in client/partner meetings,15
collaborate closely with cross-functional teams,15
fostering cross-functional collaboration and innovation,15
experience working with creative teams,15
leading multi-disciplinary technical teams,15
guide technical teams,15
proven success leading cross-functional initiatives,15
collaboration with distributed teams,15
fostering collaboration,15
engagement with engineering teams,15
cross-functional and/or cross-team projects,15
collaboration with development team,15
managing consulting team,15
escalating cross-team blockers,15
partner with cross-functional teams to resolve issues,15
cross-functional team coordination,15
team collaboration,15
communicate clearly with cross-functional partners,15
teamwork software proficiency,15
managing programs across cross functional teams,15
consulting team management,15
organizational collaboration,15
experience managing programs across cross functional teams,15
cross functional collaboration,15
assist enablement team and partner team with training material,15
"partner with solution design, people engineering, and data science teams",15
timelines management,16
issue resolution,16
prepare and deliver executive-level updates and dashboards,16
drive continuous improvement,16
delivering results on time,16
renewal outcomes improvement,16
cohesive and timely execution,16
ensure high-quality deliverables,16
running reporting mechanisms,16
prepare and distribute progress reports,16
commitment to continuous process improvement,16
establish structured weekly reporting frameworks,16
timelines and milestones definition,16
program schedule tracking,16
post-launch support,16
experience coordinating release schedules,16
delivery,16
continuous process improvement,16
"provide transparent, timely reporting",16
manage rollouts including communication and training,16
scheduling,16
program status updates,16
milestone tracking,16
plan and direct schedules,16
maintain raid logs,16
developing release plans,16
"detailed, actionable plans for day-to-day execution",16
logistics process improvement,16
tracking delivery,16
develop staging and implementation plans for pilots and releases,16
milestones tracking,16
proactively identifying workflow improvement,16
diagnose and resolve issues,16
improve renewal outcomes,16
perform delivery planning,16
run operational reviews,16
status reviews,16
monitor progress,16
ensure clear communication of next steps and responsibilities,16
process improvement,16
milestone management,16
coordinate release schedules,16
schedule management,16
achieving reference-able client status,16
working with urgency,16
evaluating new systems and releases,16
ensure on-time deliverables,16
readiness assessment,16
prepare and deliver high-quality communications,16
managing timelines,16
tracking timelines,16
tracking telemetry,16
status reporting,16
coordinating release schedules,16
managing multiple deadlines,16
"ensure on-time, high-quality delivery",16
program timelines management,16
deliverable tracking,16
"manage delivery within scope, budget, and schedule",16
support process testing,16
communicate progress towards delivery dates,16
ability to meet deadlines,16
ensure timely delivery of features,16
deliver measurable outcomes,16
regularly communicate status updates,16
establish regular reporting mechanisms,16
track deliverables,16
timeline management,16
schedule planning,16
successful delivery,16
continuously improve processes,16
3 days/week in-office,16
progress monitoring,16
disciplined execution,16
operational reviews,16
"own program schedule, milestones, and deliverable tracking",16
"hybrid work schedule (raleigh, nc)",16
tracking issues to resolution,16
standup mechanisms to track progress,16
collaborate to identify and recommend process improvements,16
milestone definition,16
deliverables management,16
ensure clear and communicated release process,16
communicating and delivering briefings and updates to senior engineering management and executives,16
roadmap status presentation,16
proven experience managing direct reports,16
monitoring and reporting progress,16
continuous improvement,16
job scheduler tools,16
delivery planning,16
preparing and delivering project status updates and reviews,16
ensuring continued progress on initiatives,16
manage queue of customer facing issues and feature requests,16
fostering continuous improvement,16
conducting retrospectives,16
prepare and deliver high-quality communication reports,16
timely progress updates,16
"ensure completion within scope, budget, and timelines",16
transparent progress updates,16
milestones and deliverables,16
publish clear updates,16
ensuring successful delivery,16
improving patient outcomes,16
process improvements,16
track and communicate progress,16
delivery dates management,16
clear and timely escalation,16
proactive identification of process improvements,16
raid logs maintenance,16
msft planner,16
ensure non-disruptive release process,16
support training logistics,16
contribute to tpm best practices and delivery rituals,16
monitoring,16
risk mitigation plans,17
translating complex risks/decisions for varied audiences,17
risk-managed delivery,17
model lifecycle risk assessment,17
improving patient safety,17
operational and ethical risks,17
manage security risk,17
proactively assessing risks across model lifecycle,17
risk mitigation,17
managing risks,17
escalating risks and dependencies effectively,17
risk resolution and escalation,17
risk and dependency management,17
business risks,17
set standards and advises on high-risk use cases,17
understanding of model risk management in regulated environments (preferred),17
security tradeoffs understanding,17
risk management expertise,17
risk and issues logs management,17
mitigate risks,17
risk matrix,17
manage risks and issues,17
proactively identifying and resolving risks and blockers,17
model safety/responsible deployment,17
ensure measurable impact,17
identify potential risks early,17
assessing risks and recommending practical mitigations,17
proactively mitigate risk,17
risk assessments,17
familiarity with types of harms,17
"orchestrating coe execution, planning, governance, and risk management",17
"summarizing progress, risks, and outcomes",17
business risk identification and mitigation,17
mitigating technical risks,17
managing high-risk use cases,17
risk management framework (rmf),17
risk mitigation strategies,17
safe program consultant,17
risk management,17
proactive risk and issue management,17
risk identification and management,17
building and scaling security/risk-focused programs,17
resolve risks,17
identifying potential security risks early,17
risk tracking,17
"communicate progress, risks, and solutions effectively",17
risk communication and mitigation planning,17
risk identification,17
identify technology operations risks,17
proactively identify risks and issues,17
identify high-impact use cases,17
anticipate risks,17
"offering practical, risk-aware input",17
"proactively manage risks, issues, and dependencies",17
recommending technical safeguards and operational processes,17
risk reasoning,17
risk assessment,17
risk register maintenance,17
track risks,17
technical risk identification and mitigation,17
identify risks,17
communicate risks and mitigation plans,17
contribute to early adoption plans,18
facilitate knowledge sharing and success story dissemination,18
drive clarity and momentum,18
thrives in complexity,18
partner with hr to develop comprehensive genai education strategy and curriculum,18
entrepreneurial,18
remote-friendly work culture,18
identifying high-value genai use cases,18
innate understanding of product development,18
embody microsoft culture and values,18
building trust,18
commitment to affordability and inclusion,18
drive researcher experience,18
thriving in complex environments,18
maintain strong visibility into test & learn agendas,18
self-motivation,18
fostering a culture of innovation and accountability,18
organization-wide adoption (genai),18
pragmatic approach,18
analytical mindset,18
commitment to educational innovation,18
passion for innovation,18
working in fast-paced environment,18
facilitate creative review and approval cycles,18
familiarity with digital engagement platforms,18
foster a genai-forward culture,18
support an inclusive culture (digital accessibility focus),18
day-to-day management of the engagement,18
high resilience,18
"desire to continuously innovate, learn, and grow",18
comfortable navigating change and ambiguity,18
naturally curious,18
driving innovation,18
capturing lessons learned,18
ensure cross-functional alignment on genai initiatives,18
ability to travel up to 50% annually,18
"proactive mindset to test, learn, and scale",18
leading initiatives that drive innovation,18
contribute to solutions,18
influence,18
thrives in ambiguity,18
courageous spirit,18
evangelization,18
thrive in a fast-paced environment,18
ambiguous needs,18
adapting to ambiguity,18
serve as the central catalyst for genai transformation,18
political savvy,18
encourage knowledge sharing and training,18
empowerment,18
familiarity with paid social ecosystems,18
"grow in ambiguous, fast-paced environments",18
gaming technology/interactive entertainment,18
foster a culture of innovation,18
genai governance,18
self-aware,18
capable of working independently,18
skeptical yet constructive,18
proactive mindset,18
technical evangelism (nice to have),18
drive early pilots across core product families,18
build relationships,18
willingness to take a hands-on approach,18
high-uncertainty environments experience,18
commercial awareness (implied),18
positive attitude,18
clear guidance,18
drive clarity on ongoing roadblocks and misalignment,18
engagement management,18
ability to travel unrestricted (up to 10%),18
flexibility to engage in non-regular hours,18
genai concepts,18
high degree of empathy,18
"thriving in a global, fast-paced environment",18
roadmap and maturity development,18
leading innovation initiatives,18
shaping practices in emerging spaces,18
operating effectively in a fast-paced environment,18
improving patient experience,18
equivalent practical experience,18
"applies leading-edge principles, theories, and concepts",18
drive innovation,18
track record of embracing ambiguity,18
personalized pedagogy,18
"thrives in complex, fast-paced environments",18
embracing ambiguity,18
thriving in innovative environment,18
exploring early adoption opportunities,18
strong hunger factor,18
thriving in a fast-paced and demanding product development climate,18
high-value care,18
driving clarity in a global environment,18
entrepreneurial mindset,18
passion for technological innovation,18
thrives in a fast-paced environment,18
evaluating multiple perspectives,18
test & learn agendas,18
equivalent experience,18
proactive,18
thriving in fast-paced environment,18
cross-functional influence,18
understanding the art of the possible,18
drive organizational readiness,18
"commitment to diversity, equity, and inclusion (dei)",18
passion for improving life sciences through technology,18
proven ability to work cross-functionally,18
foster a genai-forward culture through sustained education,18
accelerate adoption,18
quickly-growing environment,18
model evaluators familiarity,18
"actionable insights (descriptive, predictive, prescriptive)",18
influence cultural transformation,18
ability to work independently,18
innovative approach,18
ability to operate effectively under ambiguity,18
creative problem-solving,18
commitment driving,18
collaborative mindset,18
fostering a culture of innovation,18
curate roadmaps and drive adoption,18
continuously improve and evolve offerings,18
facilitating quick decision-making,18
clear actionable insights,18
commercial awareness,18
maturity,18
strong desire to learn,18
proclivity towards action,18
critical thinking,18
self-starter,18
lead single source of truth (ssot) initiatives,18
maximizing adoption and usability,18
passion for digital transformation,18
identify opportunities for genai,18
tackling tough challenges,18
gcp,19
integration,19
m365 copilot,19
healthcare,19
facilitate clear feedback loops and asset iterations,19
azure,19
conceptual understanding of gpu computing,19
formal training in pm preferred,19
coordinating,19
asana,19
nlp (natural language processing),19
ww metric parity,19
smartsheet,19
iterative testing,19
python programming,19
airtable,19
continuous learning,19
servicenow,19
monday,19
state of the art models,19
"Expecting ',' delimiter: line 11 column 3 (char 492)",19
genai,19
funnel optimization,19
nydfs knowledge,19
working with llms,19
must be able to travel up to 50% annually,19
testing,19
wrike,19
intake,19
responsive,19
computer vision,19
gpu budget planning,19
time-to-first-meaningful-use compression,19
sdlc,19
budget forecasting,19
telecommunications,19
"ww parity across na, eu and japan regions",19
familiarity with yardi platforms,19
latest technologies,19
ms excel advanced,19
quick learner,19
tableaus,19
highly organized,19
defense,19
linkedin account required,19
mitigating unintended outputs,19
change control,19
champion diversity,19
relentless problem solvers,19
cybersecurity,19
refinement,19
digital-first orientation,19
cs background,19
llms (large language models),19
fine-tuning (llms),19
master connector,19
continuous integration (ci),19
knowledge of dma,19
transform hr operations,19
barrier removal,19
work location onsite,19
cross-functional alignment,19
ms visio proficiency,19
power bi (preferred),19
m&a activities,19
scope clarity,19
jira/confluence,19
adpipe (nice to have),19
rag (retrieval augmented generation),19
tight timelines,19
large-scale inference support,19
attention to details,19
alation,19
dramatically compress time‑to‑first-meaningful‑use,19
mission support,19
aiml analytic products,19
openai apis,19
atlan,19
deep understanding of iterative solutions,19
us citizen or green card status required,19
familiarity with placerai platforms,19
coordinate implementations,19
attention to detail,19
coordinate genai pilot programs,19
action-driven,19
okrs proficiency,19
langchain,19
40 hours per week,19
aws healthlake,19
pinterest,19
resolving blockers,19
ccpa,19
tact,19
u.s. citizenship,19
lgpd,19
smart home security and surveillance,19
model drift,19
tracking blockers,19
pm course required,19
execution,19
high judgment,19
breaking down silos,19
meta,19
roadblock resolution,19
celtra (nice to have),19
llm pretraining support,19
asi,19
action-driver,19
trello,19
blocker resolution,19
ml workloads,19
python (preferred),19
gantt charts,19
raci framework definition,19
on-site,19
resourceful,19
coordinate genai implementations,19
smartly (nice to have),19
storage requirements,19
must be currently located in the united states,19
throughput,19
drive coe operations to compress time-to-first-meaningful-use,19
contribution to white papers,19
highly available cloud services,19
ts/sci clearance,19
autonomous vehicles,19
continuous learner,19
elt systems,19
agi,19
works on unusually complex problems,19
tpm of tpms role,19
chatbot implementation,19
epic ehr systems,19
autogpt,19
calm under fire,19
genai transformation,19
travel required,19
adaptive learning strategies,19
us citizen,19
fairness,19
rag architecture,19
troubleshooting,19
tiktok,19
jira,19
non-discrimination,19
genai pilot programs,19
complex problems,19
accuracy,19
active listening,19
visibility across the entire stack,19
power bi,19
intelligent telemetry,19
"Expecting ',' delimiter: line 9 column 3 (char 288)",19
deep understanding of large language models (llms),19
natural language processing (nlp),19
large language models (llms),19
position contingent upon contract award,19
digital accessibility,19
robust tracking mechanisms,19
tco considerations,19
create playbooks,19
driving clarity and alignment,19
latency,19
geospatial intelligence and national security,19
bigquery,19
occasional travel within the national capital region (ncr),19
collibra,19
contract job type,19
tactical execution,19
"Expecting ',' delimiter: line 16 column 4 (char 923)",19
bilingual spanish (desirable),19
user feedback loops,19
telemetry translation,19
storyteq,19
ms powerpoint advanced,19
kanban,19
llm-powered systems,19
jira proficiency,19
ability to work across different geographies & time zones,19
anticipating bottlenecks,19
powerbi,19
